{
  "project_info": {
    "project_number": "521562912568",
    "firebase_url": "https://do-it-13dd6-default-rtdb.firebaseio.com",
    "project_id": "do-it-13dd6",
    "storage_bucket": "do-it-13dd6.appspot.com"
  },
  "client": [
    {
      "client_info": {
        "mobilesdk_app_id": "1:521562912568:android:b6c97c10c7e3d6cb7b73cd",
        "android_client_info": {
          "package_name": "com.example.doit"
        }
      },
      "oauth_client": [
        {
          "client_id": "521562912568-i9heuk5rsrcsdfah9lebvvt5571oh4k2.apps.googleusercontent.com",
          "client_type": 3
        }
      ],
      "api_key": [
        {
          "current_key": "AIzaSyDRgmHqVtnn90FJHuPv5ixOSvfRKjwXEec"
        }
      ],
      "services": {
        "appinvite_service": {
          "other_platform_oauth_client": [
            {
              "client_id": "521562912568-i9heuk5rsrcsdfah9lebvvt5571oh4k2.apps.googleusercontent.com",
              "client_type": 3
            }
          ]
        }
      }
    }
  ],
  "configuration_version": "1"
}